0,"This page was created for people who live at the crossroads of identity, exhaustion, healing, and growth.

For the ones who feel deeply.
For the ones who‚Äôve carried too much in silence.
For the ones who needed someone who looked like them, lived like them, or understood their wiring.

If you‚Äôre here to learn, connect, or feel less alone ‚Äî welcome in.
You‚Äôre in good company here. ü§ç

#LateDiagnosedAutistic #BlackAutisticWoman
#BlackWomenInHealthcare #BlackAutisticRN
#AutismAcceptance #NeurodivergentNurse #NaevyB",2025-11-30 20:18:48,69819409659,naevyblu__,https://scontent-iad3-2.cdninstagram.com/v/t51.2885-15/591146484_17902106172321660_2198839072118640477_n.jpg?stp=dst-jpg_e15_fr_p1080x1080_tt6&_nc_ht=scontent-iad3-2.cdninstagram.com&_nc_cat=100&_nc_oc=Q6cZ2QHjcyLHempQBQXDMyIeQaegC3IHxEzicIhLZ-WfXo6j0o6YiaB6R-bYOapo_Zki4E-03ZCT3vHTlFj95ilGUjL1&_nc_ohc=aO0ogoGbbsUQ7kNvwHJjE0G&_nc_gid=v5ETJnilRStJs9WkV1o-bA&edm=AA0rjkIBAAAA&ccb=7-5&oh=00_AfiC76Uvyeaovjzfsx4IE5FhDjK3VUID70Edve1RGv-w4w&oe=6933B659&_nc_sid=49ed71
1,"Happy Thanksgiving ü´∂üèΩ

Feeling so blessed today and everyday, for the people I love, the quiet moments that ground me, the routines that comfort me, and the little pieces of life that add up to something beautiful. Grateful for every part of my journey. As an autistic person, this holiday can feel big and overwhelming, so I honor myself by setting boundaries that let me show up with love and stay regulated. This looks like taking sensory breaks when I need them, it doesnt matter who understands or ‚Äòdoesnt get it‚Äô  stepping outside for fresh air, keeping conversations gentle, and giving myself permission to leave early if my energy runs low. I navigate the social side of Thanksgiving by preparing ahead, choosing the quieter spaces, and reminding myself that it‚Äôs okay to take things at my own pace. Feeling thankful for the people who understand, support, and celebrate me exactly as I am. And thankful for the strength and self-knowledge that help me move through days like today with grace.

Wishing everyone a warm, safe, and heart-full Thanksgiving. ü§çü§çü§çü¶ãüåª 
.
#autismacceptance #autismswareness #autismadvocate #blackandautistic #blackautisticwomen #blackautisticwoman #autisticmeltdown #sensoryprocessingdisorder #stimming
#dissociation #neurodivergent",2025-11-27 17:56:31,24175768395,phenomenallyautistic,https://scontent-iad3-2.cdninstagram.com/v/t51.2885-15/587284463_18098464843800396_2756063455444964627_n.jpg?stp=dst-jpg_e35_s1080x1080_sh0.08_tt6&_nc_ht=scontent-iad3-2.cdninstagram.com&_nc_cat=100&_nc_oc=Q6cZ2QHjcyLHempQBQXDMyIeQaegC3IHxEzicIhLZ-WfXo6j0o6YiaB6R-bYOapo_Zki4E-03ZCT3vHTlFj95ilGUjL1&_nc_ohc=g4XYSufXKhoQ7kNvwFEnXZ8&_nc_gid=v5ETJnilRStJs9WkV1o-bA&edm=AA0rjkIBAAAA&ccb=7-5&oh=00_AfjuwZC7Etsyjv3V46IZ09GAzomrqgGNipjIX2cExdutYQ&oe=6933ABB5&_nc_sid=49ed71
2,"Not all support is safe üëåüèΩ White-led organizations, even with good intentions, can unintentionally control, police, or silence Black autistic voices. Racial bias, cultural misunderstanding, AND ableism can lead to misdiagnosis, restrictive interventions, and trauma üòü Black autistic people face compounded discrimination racism & ableism which makes autonomy, trust, and community-led support more important than ever. Real change comes from listening, collaborating, and amplifying voices, not imposing solutions, & White-led orgs only supporting Black advocates they can ‚Äòcontrol‚Äô is also a problem üëçüèΩ
#autismacceptance #autismswareness #autismadvocate #blackandautistic #blackautisticwomen #blackautisticwoman #autisticmeltdown #sensoryprocessingdisorder #stimming
#dissociation #neurodivergent",2025-11-24 15:03:39,24175768395,phenomenallyautistic,https://scontent-iad3-2.cdninstagram.com/v/t51.2885-15/584292099_18098187424800396_5615614596857599111_n.jpg?stp=dst-jpg_e35_s1080x1080_sh0.08_tt6&_nc_ht=scontent-iad3-2.cdninstagram.com&_nc_cat=100&_nc_oc=Q6cZ2QHjcyLHempQBQXDMyIeQaegC3IHxEzicIhLZ-WfXo6j0o6YiaB6R-bYOapo_Zki4E-03ZCT3vHTlFj95ilGUjL1&_nc_ohc=9V4vpB1GBe0Q7kNvwGWoqkr&_nc_gid=v5ETJnilRStJs9WkV1o-bA&edm=AA0rjkIBAAAA&ccb=7-5&oh=00_AfhT7fieJJba2a-YWvM-CsIOZTeKDKt5-3pZic7wrfkHMw&oe=6933B6CB&_nc_sid=49ed71
3,"Racism doesn‚Äôt disappear inside autistic spaces and Black autistic people have been saying this for a long time. Autism doesn‚Äôt cancel out the biases we absorb from the world, and it doesn‚Äôt excuse harm, many autistic spaces aren‚Äôt safe spaces for Black #autistic people üëåüèΩ
Not all white autistic people are racist toward Black autistic people. But some are and that ‚Äúsome‚Äù is enough to cause real damage üó£Ô∏è
Talking about it isn‚Äôt division üëçüèΩ
Ignoring it is üëåüèΩ
If we want autistic spaces to be truly inclusive, we have to listen, unlearn, and make room for the experiences of Black autistic people loudly and unapologetically, because I‚Äôm going to keep sharing my experiences loudly & unapologetically ü´∂üèΩ‚ú®ü¶ã
.
Substack article üîó in story 
.
#autismacceptance #autismswareness #autismadvocate #blackandautistic #blackautisticwomen #blackautisticwoman #autisticmeltdown #sensoryprocessingdisorder #stimming
#dissociation #neurodivergent",2025-11-19 15:32:26,24175768395,phenomenallyautistic,https://scontent-iad3-2.cdninstagram.com/v/t51.2885-15/582911423_18097751299800396_1305243902449176526_n.jpg?stp=dst-jpg_e35_s1080x1080_sh0.08_tt6&_nc_ht=scontent-iad3-2.cdninstagram.com&_nc_cat=100&_nc_oc=Q6cZ2QHjcyLHempQBQXDMyIeQaegC3IHxEzicIhLZ-WfXo6j0o6YiaB6R-bYOapo_Zki4E-03ZCT3vHTlFj95ilGUjL1&_nc_ohc=mK8GbEFxWykQ7kNvwEUF6Z-&_nc_gid=v5ETJnilRStJs9WkV1o-bA&edm=AA0rjkIBAAAA&ccb=7-5&oh=00_AfiD3xbVW5XJeHCwucCqb2LCHyB4x2HuqQWQOoCm7xNpMQ&oe=6933D15A&_nc_sid=49ed71
4,"Talking about race and autism isn‚Äôt dividing the autistic community  it‚Äôs strengthening it ü¶ã
When we name the racial disparities Black autistic people face, we‚Äôre not ‚Äúpitting‚Äù anyone against anyone else, okay? because someone said thats what i was doingüôÑ, just because a conversation isnt always the most comfortable to have or its something you may not want to hear, or accept, doesnt mean its purpose is division, I‚Äôm acknowledging that not all autistic experiences are treated equally, and that‚Äôs something we have to face to make things better for everyone, again we dont grow in comfort and the uncomfortable conversations need to be had

üñ§ Inclusion means listening to every story, especially the ones that have been ignored for too longüñ§
.
#autismacceptance #autismswareness #autismadvocate #blackandautistic #blackautisticwomen #blackautisticwoman #autisticmeltdown #sensoryprocessingdisorder #stimming
#dissociation #neurodivergent",2025-11-17 14:59:10,24175768395,phenomenallyautistic,https://scontent-iad3-2.cdninstagram.com/v/t51.2885-15/583139696_18097577644800396_8440472153737111636_n.jpg?stp=dst-jpg_e35_s1080x1080_sh0.08_tt6&_nc_ht=scontent-iad3-2.cdninstagram.com&_nc_cat=100&_nc_oc=Q6cZ2QHjcyLHempQBQXDMyIeQaegC3IHxEzicIhLZ-WfXo6j0o6YiaB6R-bYOapo_Zki4E-03ZCT3vHTlFj95ilGUjL1&_nc_ohc=8qIh0aa7SkoQ7kNvwHRJDkw&_nc_gid=v5ETJnilRStJs9WkV1o-bA&edm=AA0rjkIBAAAA&ccb=7-5&oh=00_AfgrgQHqpSIrvOwOUpryP1pSxvuyT91HLIdK16nBKvUtsw&oe=6933CDF6&_nc_sid=49ed71
5,"Happy Friday ü´∂üèΩjust here to say this with love and clarity you don‚Äôt have to agree with everything I post. What I share comes from my lived experience as a Black autistic woman and from the things I‚Äôve witnessed firsthand. Im not here to debate or argue. The energy you put into ‚Äúcorrecting‚Äù or ‚Äúchallenging‚Äù me could be used to share your own perspective on YOUR page. We can absolutely agree to disagree but it‚Äôs no secret how Black autistic women are often treated, and that‚Äôs the truth I‚Äôm speaking from. If my posts make you uncomfortable or you feel the need to be passive-aggressive or tell me you don‚Äôt agree, that‚Äôs your right. But maybe, just maybe, this page isn‚Äôt the space for you and that‚Äôs okay too ‚ò∫Ô∏è 
.
#autismacceptance #autismswareness #autismadvocate #blackandautistic #blackautisticwomen #blackautisticwoman #autisticmeltdown #sensoryprocessingdisorder #stimming
#dissociation #neurodivergent",2025-11-14 15:03:14,24175768395,phenomenallyautistic,https://scontent-iad3-1.cdninstagram.com/v/t51.82787-15/583127709_18097308736800396_4409365117538662781_n.jpg?stp=dst-jpg_e35_tt6&_nc_cat=101&ig_cache_key=Mzc2NTc1MTU5OTU1MDM1NTM2Mw%3D%3D.3-ccb7-5&ccb=7-5&_nc_sid=58cdad&efg=eyJ2ZW5jb2RlX3RhZyI6InhwaWRzLjE0NDB4MTkyMC5zZHIuQzMifQ%3D%3D&_nc_ohc=WQhrqKRkkw0Q7kNvwFfTnNp&_nc_oc=AdkA3zuq_5TZQL17Zs9RtTITOszDZ3DfSSqKRK0J3quufehYK40sgWjY-Knc4wD4d5AlRkm16Th7gjcoIX2n4cSF&_nc_ad=z-m&_nc_cid=0&_nc_zt=23&_nc_ht=scontent-iad3-1.cdninstagram.com&_nc_gid=6egop_udKp_e4LtrDD-3Ig&oh=00_AfgL4SrFDqWjvupAn2yOgX1fjL5OID7ALm_3iTDJ4KJocA&oe=6933B23D
6,"Society treats autistic women differently based on race! Not here to argue it‚Äôs a fact! üëåüèΩ 
White autistic women often get support and understanding, while Black autistic women are told to ‚Äúbe strong‚Äù and cope alone ü•¥
This isn‚Äôt about toughness it‚Äôs about bias. From stereotypes to late diagnoses to invisibility in media, Black autistic women face barriers that white women often don‚Äôt.

It‚Äôs time we listen, validate, and support all autistic women equally ü´∂üèΩ‚ú®
.
#autismacceptance #autismswareness #autismadvocate #blackandautistic #blackautisticwomen #blackautisticwoman #autisticmeltdown #sensoryprocessingdisorder #stimming
#dissociation #neurodivergent #autismandrace",2025-11-12 14:53:59,24175768395,phenomenallyautistic,https://scontent-iad3-2.cdninstagram.com/v/t51.2885-15/576443476_18097134490800396_6287693887844806618_n.jpg?stp=dst-jpg_e35_s1080x1080_sh0.08_tt6&_nc_ht=scontent-iad3-2.cdninstagram.com&_nc_cat=100&_nc_oc=Q6cZ2QHjcyLHempQBQXDMyIeQaegC3IHxEzicIhLZ-WfXo6j0o6YiaB6R-bYOapo_Zki4E-03ZCT3vHTlFj95ilGUjL1&_nc_ohc=wialX_yaRbQQ7kNvwHJL7IY&_nc_gid=v5ETJnilRStJs9WkV1o-bA&edm=AA0rjkIBAAAA&ccb=7-5&oh=00_AfgD9I9eGkoAoQKRc6jCDFuVzopEBpkGbj7VyJ4GgP4uAg&oe=6933ABD3&_nc_sid=49ed71
7,"Stop forcing Black autistic women to shrink, mask, and conform. We don‚Äôt need to fit your norms üôÇ‚Äç‚ÜîÔ∏è we redefine them. Our existence is not up for debate ü´∂üèΩü¶ã‚ôæÔ∏èüñ§üëåüèΩ
.
#autismacceptance #autismswareness #autismadvocate #blackandautistic #blackautisticwomen #blackautisticwoman #autisticmeltdown #sensoryprocessingdisorder #stimming
#dissociation #neurodivergent",2025-11-03 15:02:14,24175768395,phenomenallyautistic,https://scontent-iad3-2.cdninstagram.com/v/t51.2885-15/572321594_18096366547800396_5057264432114099453_n.jpg?stp=dst-jpg_e35_s1080x1080_sh0.08_tt6&_nc_ht=scontent-iad3-2.cdninstagram.com&_nc_cat=100&_nc_oc=Q6cZ2QHjcyLHempQBQXDMyIeQaegC3IHxEzicIhLZ-WfXo6j0o6YiaB6R-bYOapo_Zki4E-03ZCT3vHTlFj95ilGUjL1&_nc_ohc=mNNFsokaa0QQ7kNvwH577kL&_nc_gid=v5ETJnilRStJs9WkV1o-bA&edm=AA0rjkIBAAAA&ccb=7-5&oh=00_Afim1Rqm5vkgBk1_oZkPg6cQCGELLTRUGO51WCN-kgWKSQ&oe=6933AAA6&_nc_sid=49ed71
8,"Some traits of autism in Black women are often overlooked. Let‚Äôs talk about¬†hyper-vigilance a survival skill that can mask autistic traits , as Black women this just adds another layer to our unique experience as autistic individuals üåª 
.
Check out my latest Substack article link üîó in story ‚ú®
.
#autismacceptance #autismswareness #autismadvocate #blackandautistic #blackautisticwomen #blackautisticwoman #autisticmeltdown #sensoryprocessingdisorder #stimming
#dissociation #neurodivergent",2025-10-29 14:04:30,24175768395,phenomenallyautistic,https://scontent-iad3-2.cdninstagram.com/v/t51.2885-15/573096641_18095920648800396_5683231631928797027_n.jpg?stp=dst-jpg_e35_p1080x1080_sh0.08_tt6&_nc_ht=scontent-iad3-2.cdninstagram.com&_nc_cat=100&_nc_oc=Q6cZ2QHjcyLHempQBQXDMyIeQaegC3IHxEzicIhLZ-WfXo6j0o6YiaB6R-bYOapo_Zki4E-03ZCT3vHTlFj95ilGUjL1&_nc_ohc=ubSWjmCKRJUQ7kNvwHgFBTS&_nc_gid=v5ETJnilRStJs9WkV1o-bA&edm=AA0rjkIBAAAA&ccb=7-5&oh=00_Afhs6Gy8sgK_FWgebP9hCyxqG5GJ-QPa7iLNA6onKHhNaA&oe=6933B6C5&_nc_sid=49ed71
9,"Autistic solidarity should be rooted in justice, not sameness üå∫We don‚Äôt all experience the world the same ¬†especially across racial lines. When whiteness is centered in the convo, Black autistic voices get erased. If autism makes the world feel unsafe, now imagine that¬†plus¬†racial profiling, systemic bias, and medical neglect üëåüèΩ
Stop saying ‚Äúwe all struggle the same.‚Äù üòí We don‚Äôt.
Solidarity isn‚Äôt about comparison ¬†it‚Äôs about listening.‚Ä®It‚Äôs about knowing that race shapes how autism is seen, treated, and punished. White autistic people: your struggles are real ¬†and¬†they‚Äôre not the same as Black autistic struggles.
Hold space for that difference. Don‚Äôt flatten it. Be mindful. Be humble.

#autismacceptance #autismswareness #autismadvocate #blackandautistic #blackautisticwomen #blackautisticwoman #autisticmeltdown #sensoryprocessingdisorder #stimming
#dissociation #neurodivergent #blackandautistic #autisticandblack",2025-10-23 13:58:42,24175768395,phenomenallyautistic,https://scontent-iad3-2.cdninstagram.com/v/t51.2885-15/568803306_18095125189800396_4673170985315070676_n.jpg?stp=dst-jpg_e35_s1080x1080_sh0.08_tt6&_nc_ht=scontent-iad3-2.cdninstagram.com&_nc_cat=100&_nc_oc=Q6cZ2QHjcyLHempQBQXDMyIeQaegC3IHxEzicIhLZ-WfXo6j0o6YiaB6R-bYOapo_Zki4E-03ZCT3vHTlFj95ilGUjL1&_nc_ohc=-92wE1w0GFEQ7kNvwHvjBsJ&_nc_gid=v5ETJnilRStJs9WkV1o-bA&edm=AA0rjkIBAAAA&ccb=7-5&oh=00_AfgHLgopXMPEW0yFWjprTUKmQnAHJgt1GyDJ4Ia2yNHL7g&oe=6933CC6A&_nc_sid=49ed71
10,"Black women deserve to know why we are different too! So yes I just love that for us ü•∞ü´∂üèΩ‚ôæÔ∏è.
Swipe to see ‚Äòwhat‚Äôs not normal‚Äô 
.
That‚Äôs the lovely @learning_advocate in this video as well we were doing the @autisticoutlouddocumentary webinar üñ§
#blackautisticwomen #blackautisticwoman #latediagnosedautistic #latediagnosedadhd #autismadvocate #autismacceptance #autusmawareness",2025-10-08 14:32:52,24175768395,phenomenallyautistic,https://scontent-iad3-2.cdninstagram.com/v/t51.2885-15/562594221_18092934436800396_165127717548380168_n.jpg?stp=dst-jpg_e15_tt6&_nc_ht=scontent-iad3-2.cdninstagram.com&_nc_cat=100&_nc_oc=Q6cZ2QHjcyLHempQBQXDMyIeQaegC3IHxEzicIhLZ-WfXo6j0o6YiaB6R-bYOapo_Zki4E-03ZCT3vHTlFj95ilGUjL1&_nc_ohc=7mFueSNPmlIQ7kNvwE8cdFT&_nc_gid=v5ETJnilRStJs9WkV1o-bA&edm=AA0rjkIBAAAA&ccb=7-5&oh=00_AfhKpm3ifa6j87c1yBHAkXzNqAZtJs3EU2V9cRYnWvuGgw&oe=6933ADB5&_nc_sid=49ed71
11,"Stereotypes can create blind spots ü´∂üèΩ‚Ä®When people think of autism meltdowns, they often imagine yelling, crying, or visible distress a picture shaped by white, male presentations of autism ‚ôæÔ∏è
But Black women don‚Äôt always fit that mold.‚Ä®Our meltdowns might look like shutdowns. Silence. Irritability. Masking. Disassociation. And too often, we‚Äôre misjudged seen as angry, cold, or aggressive.
This misunderstanding isn‚Äôt harmless.‚Ä®It leads to misdiagnosis, lack of support, and serious consequences for our mental health.
üñ§ Autism in Black women is real. It just doesn‚Äôt 
Full Substack article link in story highlight ‚ú®
.
.
#autismacceptance #autismswareness #autismadvocate #blackandautistic #blackautisticwomen #blackautisticwoman #autisticmeltdown #sensoryprocessingdisorder #stimming #dissociation #neurodivergent",2025-10-06 13:56:26,24175768395,phenomenallyautistic,https://scontent-iad3-2.cdninstagram.com/v/t51.2885-15/561538671_18092662618800396_160571205436916760_n.jpg?stp=dst-jpg_e35_s1080x1080_sh0.08_tt6&_nc_ht=scontent-iad3-2.cdninstagram.com&_nc_cat=100&_nc_oc=Q6cZ2QHjcyLHempQBQXDMyIeQaegC3IHxEzicIhLZ-WfXo6j0o6YiaB6R-bYOapo_Zki4E-03ZCT3vHTlFj95ilGUjL1&_nc_ohc=wzu2feDCDGYQ7kNvwF9347M&_nc_gid=v5ETJnilRStJs9WkV1o-bA&edm=AA0rjkIBAAAA&ccb=7-5&oh=00_Afix8oj_DHKF7Ng2gAoPRlrXqsmhtA9U6OIYyvDCVavVxg&oe=6933C866&_nc_sid=49ed71
12,"Using the word ‚Äúrebranding‚Äù to describe someone‚Äôs autism diagnosis (even SD) is harmful because it implies deceit or trend-chasing, rather than recognizing a deeper truth about who they‚Äôve always been ü¶ãA deeper truth about why life for so long was a mystery to us , ‚ú®Diagnosis isn‚Äôt rebranding, for me it was relief ,it was clarity, healing, and finally having answers for a lifelong of confusion and pain ‚ù§Ô∏è‚Äçü©π Statements like this are harmful because they stigmatize Black autistic women,especially those newly diagnosed, by suggesting they‚Äôre faking or seeking attention. Many Black autistic women are misdiagnosed for years with Cluster B disorders due to gender bias. Reframing isn‚Äôt rebranding,it‚Äôs finally being seen üå∫ü¶ãü´∂üèΩ‚ôæÔ∏èüíú‚ú®
.
#blackandautistic #latediagnosedautistic #blackautisticwoman #blackautisticwomen #actuallyautistic #autusticandproud #autistic #autism #autismadvocate #autismadvocates #neurodivergent #autismacceptance #autismawareness",2025-08-20 13:48:01,24175768395,phenomenallyautistic,https://scontent-iad3-2.cdninstagram.com/v/t51.2885-15/535884325_18087649675800396_9173612082792706740_n.jpg?stp=dst-jpg_e35_s1080x1080_sh0.08_tt6&_nc_ht=scontent-iad3-2.cdninstagram.com&_nc_cat=100&_nc_oc=Q6cZ2QHjcyLHempQBQXDMyIeQaegC3IHxEzicIhLZ-WfXo6j0o6YiaB6R-bYOapo_Zki4E-03ZCT3vHTlFj95ilGUjL1&_nc_ohc=oYx3nzLwg5AQ7kNvwGnA7qU&_nc_gid=v5ETJnilRStJs9WkV1o-bA&edm=AA0rjkIBAAAA&ccb=7-5&oh=00_Afia0aUH-EqbzEI5gUvsBFNIWlO2uQBtIlQb6HLAmNiJ7g&oe=6933BBF9&_nc_sid=49ed71
13,"You May Be a Black Autistic Woman (and Not Even Know It) üñ§‚ú®

For years, I thought I was just ‚Äútoo much.‚Äù

 Too sensitive. Too quiet. Too intense. Too tired.

 But really‚Ä¶ I was just trying to keep up. 

This carousel shares 10 signs you might be a high-masking Black autistic woman ‚Äî especially if you‚Äôve always felt different but could never quite name why.

If this speaks to you, know that you‚Äôre not alone.

 There‚Äôs language for your experience.

 There‚Äôs a community that sees you.

 And there‚Äôs nothing ‚Äúwrong‚Äù with you. 

You‚Äôve always made sense.

üí¨ Share your thoughts or your story in the comments.

 üñ§ Save this post to revisit later.
 üîÅ Share it with someone who might need it.

Xo

Global Kristen @theaudhdrn 

#YouAreNotAlone #BlackAutisticWoman #AuDHD #NeurodivergentAndProud #LateDiagnosedAutism #BlackNeurodivergentVoices #SelfDiagnosisIsValid #AutisticBurnout #NeurodivergentWomen #ValuesBasedLiving #HealingInCommunity #BlackMentalHealthMatters #MaskingAndUnmasking #AutismAwareness #BlackAndNeurodivergent",2025-07-29 21:51:18,50803825086,global_kristen,https://scontent-iad3-1.cdninstagram.com/v/t51.2885-15/525573599_18031526966689087_2137616102605937465_n.jpg?stp=dst-jpg_e15_fr_p1080x1080_tt6&_nc_ht=scontent-iad3-1.cdninstagram.com&_nc_cat=107&_nc_oc=Q6cZ2QHjcyLHempQBQXDMyIeQaegC3IHxEzicIhLZ-WfXo6j0o6YiaB6R-bYOapo_Zki4E-03ZCT3vHTlFj95ilGUjL1&_nc_ohc=HrTO0VLskysQ7kNvwE6nOYn&_nc_gid=v5ETJnilRStJs9WkV1o-bA&edm=AA0rjkIBAAAA&ccb=7-5&oh=00_AfiRNPPFplXyVTTgtrNzDs86OJMgmVF-eyq9JaRzwap56Q&oe=6933DADC&_nc_sid=49ed71
14,"You May Be a Black Autistic Woman (and Not Even Know It) üñ§‚ú®

For years, I thought I was just ‚Äútoo much.‚Äù
Too sensitive. Too quiet. Too intense. Too tired.
But really‚Ä¶ I was just masking.
This carousel shares 10 signs you might be a high-masking Black autistic woman ‚Äî especially if you‚Äôve always felt different but could never quite name why.
If this speaks to you, know that you‚Äôre not alone.
There‚Äôs language for your experience.
There‚Äôs a community that sees you.
And there‚Äôs nothing ‚Äúwrong‚Äù with you. You‚Äôve always made sense.
üí¨ Share your thoughts or your story in the comments.
üñ§ Save this post to revisit later.
üîÅ Share it with someone who might need it.

#YouAreNotAlone #BlackAutisticWoman #AuDHD #NeurodivergentAndProud #LateDiagnosedAutism #BlackNeurodivergentVoices #SelfDiagnosisIsValid #AutisticBurnout #NeurodivergentWomen #ValuesBasedLiving #HealingInCommunity #BlackMentalHealthMatters #MaskingAndUnmasking #AutismAwareness #BlackAndNeurodivergent",2025-07-29 18:11:43,74915098231,theaudhdrn,https://scontent-iad3-1.cdninstagram.com/v/t51.2885-15/524721013_17853509133498232_6974019411320797014_n.jpg?stp=dst-jpg_e15_fr_p1080x1080_tt6&_nc_ht=scontent-iad3-1.cdninstagram.com&_nc_cat=104&_nc_oc=Q6cZ2QHjcyLHempQBQXDMyIeQaegC3IHxEzicIhLZ-WfXo6j0o6YiaB6R-bYOapo_Zki4E-03ZCT3vHTlFj95ilGUjL1&_nc_ohc=aazqFf4VIfUQ7kNvwExC0r4&_nc_gid=v5ETJnilRStJs9WkV1o-bA&edm=AA0rjkIBAAAA&ccb=7-5&oh=00_AfixGQfoT6Nk0kf8QwKJfLvfDb9bQ8DqnRQdi01wMA1L7w&oe=6933C190&_nc_sid=49ed71
15,"KHALIA HAD HER FIRST JOB INTERVIEW and now has her VERY FIRST JOB at 20 years of age!!! ü•π When I say SHE IS AMAZING, I mean it!!! With her being Autistic, not able to fully walk without a walker,  AND having Ataxia that physically doesn‚Äôt allow for her muscles to move as quickly as they should‚Ä¶. SHE STILL CONTINUES TO STRIVE TO BE THE MOST OPTIMAL VERSION OF KHALIA!! We‚Äôre SO PROUD of our daughter for all she has accomplished and for all she will continue to accomplish!!! #autismspeaks #autisticbeauty #blackautisticwoman #firstjob #proudmomanddad #neurodivergentfamily",2025-06-05 17:26:55,50310403,autistically_tia_and_q,https://scontent-iad3-2.cdninstagram.com/v/t51.2885-15/503317556_18507228877006404_4236055548397617874_n.jpg?stp=dst-jpg_e35_p1080x1080_sh0.08_tt6&_nc_ht=scontent-iad3-2.cdninstagram.com&_nc_cat=100&_nc_oc=Q6cZ2QHjcyLHempQBQXDMyIeQaegC3IHxEzicIhLZ-WfXo6j0o6YiaB6R-bYOapo_Zki4E-03ZCT3vHTlFj95ilGUjL1&_nc_ohc=TebbK6rdGjgQ7kNvwErHqj6&_nc_gid=v5ETJnilRStJs9WkV1o-bA&edm=AA0rjkIBAAAA&ccb=7-5&oh=00_AfhXZ_t7EWPoeWXcHc7i7ndXVLx1B_qmwwbGhZDACtS8hA&oe=6933D38F&_nc_sid=49ed71
16,"About comfort.
.
.
.
.
.

#LateDiagnosisAutism #ActuallyAutistic #BlackAutisticWoman #AutismAwareness #NeurodivergentVoices #AutismInWomen",2025-04-14 11:17:10,73594841323,she.is.unmasked,https://scontent-iad3-1.cdninstagram.com/v/t51.75761-15/491497370_17847308298449324_131856888100059353_n.jpg?stp=dst-jpg_e35_tt6&_nc_cat=104&ig_cache_key=MzYxMDUzNTgwODM0NDYyNTUyNw%3D%3D.3-ccb7-5&ccb=7-5&_nc_sid=58cdad&efg=eyJ2ZW5jb2RlX3RhZyI6InhwaWRzLjEwODB4MTA4MC5zZHIuQzMifQ%3D%3D&_nc_ohc=VfjIx6qW47wQ7kNvwEKerMI&_nc_oc=AdnMSH_BSNX4Z0_mTLRoAsmbuBmE8uNwmEplk2xksGoqIRewhRZZEcxOaT9_O7qhXR7jaestkrRlGfnTmnz0k_Av&_nc_ad=z-m&_nc_cid=0&_nc_zt=23&_nc_ht=scontent-iad3-1.cdninstagram.com&_nc_gid=oRNVwe3c_sQILaf1Rm1wjA&oh=00_AfglxxmYouEDJTA5cJswDaMwZs34TtsSYhi6RQgbLRnPCA&oe=6933CE9A
17,"Who else overthinks literally every single word they said?
.
.
.
.
.

#LateDiagnosisAutism #ActuallyAutistic #BlackAutisticWoman #AutismAwareness #NeurodivergentVoices #AutismInWomen",2025-04-09 10:52:15,73594841323,she.is.unmasked,https://scontent-iad3-1.cdninstagram.com/v/t51.75761-15/489420158_17846299764449324_3385758560008957960_n.jpg?stp=dst-jpg_e35_tt6&_nc_cat=104&ig_cache_key=MzYwNjg5OTM5NDAwNDQ0NDE2OQ%3D%3D.3-ccb7-5&ccb=7-5&_nc_sid=58cdad&efg=eyJ2ZW5jb2RlX3RhZyI6InhwaWRzLjEwODB4MTA4MC5zZHIuQzMifQ%3D%3D&_nc_ohc=dG40854yzX4Q7kNvwFiUvJU&_nc_oc=Adkni247sPVNZhEaKFzCA4stCpMx1ORILsxnoOmYv5FBkrE7ML2knHDAyMdJZw6GwX7HMOECw6hWcjkPByi4GW83&_nc_ad=z-m&_nc_cid=0&_nc_zt=23&_nc_ht=scontent-iad3-1.cdninstagram.com&_nc_gid=4lmKpBZzJ0np1ovIiDKa8Q&oh=00_AfiX0Vo2-5tdiBRlp2EzArVMbqh3DSVWEC6CAZWMQw9aoQ&oe=6933B866
18,"Depression too.
.
.
.
.
.

#LateDiagnosisAutism #ActuallyAutistic #BlackAutisticWoman #AutismAwareness #NeurodivergentVoices #AutismInWomen",2025-04-09 10:50:40,73594841323,she.is.unmasked,https://scontent-iad3-1.cdninstagram.com/v/t51.75761-15/489411757_17846299530449324_2350129983930896231_n.jpg?stp=dst-jpg_e35_tt6&_nc_cat=110&ig_cache_key=MzYwNjg5ODU4OTg5NzU5NTQ3MA%3D%3D.3-ccb7-5&ccb=7-5&_nc_sid=58cdad&efg=eyJ2ZW5jb2RlX3RhZyI6InhwaWRzLjEwODB4MTA4MC5zZHIuQzMifQ%3D%3D&_nc_ohc=A0b32EG6uiQQ7kNvwHDZQah&_nc_oc=AdkWY8pn0l9d2Ym5z-h4RFAX-bfrQGx3JlhYH9jHmFLpFlroDz6HHwwRn_TaUnTlmgBnHOKSjAoJBg6jb5uuroYG&_nc_ad=z-m&_nc_cid=0&_nc_zt=23&_nc_ht=scontent-iad3-1.cdninstagram.com&_nc_gid=1lvQK9vIdD9Up8OaBeSMIA&oh=00_AfhaiF3kPXP3YUZBGlej4kU434-4q7hNMJBxzYvkskBDAA&oe=6933B0AF
19,"I used to think something was wrong with me.
Too loud, too quiet, too clingy, too cold.
Now I know: I wasn‚Äôt too much. I was masking, coping, surviving.
This page is my way of unmasking out loud.
.
.
.
.

#LateDiagnosisAutism #ActuallyAutistic #BlackAutisticWoman #AutismAwareness #NeurodivergentVoices #AutismInWomen",2025-04-09 10:49:12,73594841323,she.is.unmasked,https://scontent-iad3-1.cdninstagram.com/v/t51.75761-15/489804027_17846299188449324_7389701805199819968_n.jpg?stp=dst-jpg_e35_tt6&_nc_cat=109&ig_cache_key=MzYwNjg5Nzg1ODAyNTI0ODI2MQ%3D%3D.3-ccb7-5&ccb=7-5&_nc_sid=58cdad&efg=eyJ2ZW5jb2RlX3RhZyI6InhwaWRzLjEwODB4MTA4MC5zZHIuQzMifQ%3D%3D&_nc_ohc=e3-AgwZSh40Q7kNvwGVIEaF&_nc_oc=AdlGhKZTrdsxvgTMzl32rCPY5YC7xxdHK0BVbK8Xw49Lj-P5rTibgVVyotDIFo3hHOL5lIB8YScUTzereONNfK5O&_nc_ad=z-m&_nc_cid=0&_nc_zt=23&_nc_ht=scontent-iad3-1.cdninstagram.com&_nc_gid=vYgF37rAXgtNTFGgViq0Ww&oh=00_AfgTcymY5NI0gPqgI0FHsd3ei8Zcn_kWafg9AW-CfYJ8-w&oe=6933DF5D
20,"#autismawarenessmonth 
üòâüòâüòâ
I stim all the time.
Most folks just don‚Äôt clock it.
üëÄüëÄüëÄ
That‚Äôs the thing about being a high-masking autistic black woman‚Ä¶ people see ‚Äúcalm‚Äù ..‚Äúchill‚Äù ‚Ä¶‚Äúput together‚Äù and don‚Äôt realize I‚Äôm running a whole backstage operation just to hold it down. (Beyonc√© on tour with Janet Jackson production)
ü§£ü§£ü§£
So let me educate ya for Autism Awareness Month and for my own damn peace:
I pace.
I rock like an old record player on loop.
I repeat lil sounds under my breath and sometimes it‚Äôs a word, sometimes it‚Äôs a hum, but it keeps me from spiraling.
I fidget with whatever‚Äôs in reach like rings, pens, hoodie strings.
I stare at light patterns like it‚Äôs art. (And it is!!)
I rub my tongue across my teeth even when I don‚Äôt want to. (That one bugs me, but yeah doing it now. ü§¶üèæ‚Äç‚ôÄÔ∏è it‚Äôs real.)
I scratch at fabric or my arm when I‚Äôm overstimulated, or when the vibes are just‚Ä¶ too loud. ( my skin no but fabric yes. 
üíïüíïüíï
It‚Äôs not always cute and It‚Äôs not for show.
It‚Äôs regulation. It‚Äôs release. It‚Äôs what helps me stay here.

I‚Äôm not hiding it this month.
#AutismAwarenessMonth #ActuallyAutistic #LetMeStim #BlackAutisticWoman #CoolWeirdAndWiredThisWay #UnmaskingIsSacred",2025-04-09 01:56:03,568500988,the_marshay86,https://scontent-iad3-1.cdninstagram.com/v/t51.75761-15/488943053_18497119669052989_4778714759299341949_n.jpg?stp=dst-jpegr_e35_tt6&_nc_cat=101&ig_cache_key=MzYwNjYyOTUxMTY0NzUwMDkwNg%3D%3D.3-ccb7-5&ccb=7-5&_nc_sid=58cdad&efg=eyJ2ZW5jb2RlX3RhZyI6InhwaWRzLjE0NDB4MTQ0MC5oZHIuQzMifQ%3D%3D&_nc_ohc=hE5ejDoZSDgQ7kNvwHVgs17&_nc_oc=AdmtSDTJJWiZN4ysFoVddVkeAkSrjV8hD4hDrdsHwh-4C2-_4Yw2zMzj37FLjMDVfT16mjzIcgOngXGxdLH7r3kj&_nc_ad=z-m&_nc_cid=0&_nc_zt=23&_nc_ht=scontent-iad3-1.cdninstagram.com&_nc_gid=CedmZH_2lJ_vpzb_UQfehg&oh=00_AfgoWIRuDXEOXT6PNXN1UEWcLKybqFeXYhWnR33FK6LA8A&oe=6933DACA
21,"ü¶ã I actually found my purpose when I was diagnosed as autistic, before I was diagnosed I did not know why I was different so I didn‚Äôt know where I fit in so I didn‚Äôt know who I was so once I received an autism diagnosis and understood why I was different I could live in my truth and walk in my purpose which was to continue to create art and start to advocate for black autistic women and autistic children in underserved communities without art I wouldn‚Äôt be able to live life on a day to day basis which means I wouldn‚Äôt be able to function because art is my therapy art is my safe space and has always been when the world did not feel safe when I
was undiagnosed and lost in the world ü¶ã 
.
Full article üîó in bio/story 
.
.
Thank you Bold Journey for this great conversation üíú 

.
.
#blackandautistic #blackautisticwoman #autisticcreator #autisticcreatives #actuallyautistic #autismacceptance #autismawareness #autizzy #audhd #adhd #autism #autistic #autisticwomen #autismadvocate #autismadvocacy #neurodivergent #neurodiversity #sensoryprocessingdisorder #developmentaldisabilities #asd #nevergiveup",2025-01-30 15:19:09,24175768395,phenomenallyautistic,https://scontent-iad3-2.cdninstagram.com/v/t51.2885-15/475938799_18069126757800396_6136924299550120484_n.jpg?stp=dst-jpg_e35_p1080x1080_sh0.08_tt6&_nc_ht=scontent-iad3-2.cdninstagram.com&_nc_cat=100&_nc_oc=Q6cZ2QHjcyLHempQBQXDMyIeQaegC3IHxEzicIhLZ-WfXo6j0o6YiaB6R-bYOapo_Zki4E-03ZCT3vHTlFj95ilGUjL1&_nc_ohc=rOOUpTIUUjMQ7kNvwEUXl-X&_nc_gid=v5ETJnilRStJs9WkV1o-bA&edm=AA0rjkIBAAAA&ccb=7-5&oh=00_AfhICISqCBlDIl8s_Q6-7vtc5gkhpR5abIxg1XHQWKXzzQ&oe=6933C51D&_nc_sid=49ed71
22,"I finally got around to writing this post!! YAY!! üçì

How do your special interests affect you? 

#autistic #autism #specialinterest #blackautistic #disability #disabled #autisticadults #blackautisticwoman #restrictedrepetitivebehavior",2025-01-23 01:39:45,52339432623,childofautism,https://scontent-iad3-1.cdninstagram.com/v/t51.2885-15/474379038_17995904699744624_5727014398517321958_n.jpg?stp=dst-jpg_e15_fr_s1080x1080_tt6&_nc_ht=scontent-iad3-1.cdninstagram.com&_nc_cat=108&_nc_oc=Q6cZ2QHjcyLHempQBQXDMyIeQaegC3IHxEzicIhLZ-WfXo6j0o6YiaB6R-bYOapo_Zki4E-03ZCT3vHTlFj95ilGUjL1&_nc_ohc=ewOcdW5G4mAQ7kNvwFyRgcf&_nc_gid=v5ETJnilRStJs9WkV1o-bA&edm=AA0rjkIBAAAA&ccb=7-5&oh=00_AfiZ758EuJN9NlsY0SFosuFk3ZRrn5SLaDGubFs8mk2SXA&oe=6933C978&_nc_sid=49ed71
23,"‚ÄúI always knew I was different but didn‚Äôt understand why. Labeled as the ‚Äòweird, 
awkward Black girl; I struggled with anxiety and overstimulation. ü§Ø
People often overlook that I am Autistic because I don‚Äôt fit their preconceived notions of Autism.‚Äù
.
.
.
Thank you @goddesscouturenews for this BEAUTIFUL Article üíúü¶ãü´∂üèΩ‚ôæÔ∏è #flashbackfriday 
#actuallyautistic #autismacceptance #autisticandblack #blackautisticwoman #autisticauthor #autisticartistic #adhd #audhd #neurodivergent #neurodiversity #neurodiverse #blackandneurodivergent #sensoryprocessingdisorder #autismawareness #autisticadults #autizzy #neurospicy #illustration #illustrator #autisticcreator #blackcreatives #blackcreators #blackcreative #blackcreativesmatter",2024-12-20 15:13:51,24175768395,phenomenallyautistic,https://scontent-iad3-1.cdninstagram.com/v/t51.29350-15/470924181_944242537111610_7639666148842579630_n.jpg?stp=dst-jpg_e35_p1080x1080_tt6&_nc_ht=scontent-iad3-1.cdninstagram.com&_nc_cat=102&_nc_oc=Q6cZ2QFyztTXNOe2RF_hSkaIjpPi0dHncnMwwg7bnQSEL3XdYmJOApxB7cLTIeBbxDlT_FM_bAjHtuC9g6r1DZWdL6gd&_nc_ohc=DbqcNicIxyEQ7kNvwHRwag4&_nc_gid=ZeoMkWimCHdmy4IEhXXMnw&edm=AA0rjkIBAAAA&ccb=7-5&oh=00_AfiCO32E70gtqv6ln1fKQaLEfwzQk9b3S5zB3MZnUOxQ1w&oe=6933C9F4&_nc_sid=49ed71
24,"Loving a Black Autistic Woman: Action Over Words

Loving a Black autistic woman‚Äîwhether as a friend, acquaintance, lover, or collaborator, family or follower‚Äîis not just words; it‚Äôs action.

It‚Äôs understanding her need for quiet when the world is too loud and holding space for her thoughts when they flow like a river. It‚Äôs learning the language of her boundaries, respecting her independence, and cherishing her authenticity without trying to change her.

It‚Äôs recognizing the layers she carries‚Äîthe intersection of her Blackness, her neurodivergence, and her brilliance‚Äîand meeting her with care, not assumptions.

It‚Äôs showing up consistently, proving through your actions that she is valued, heard, and safe. Loving her is a verb, a daily practice of seeing her fully and honoring the beautiful complexity of who she is. Ask yourself what you bring to her life and how you contribute before you take from her light and energy.

Not everyone knows how to do this. Many covet her light and her empathy, seeking to take without giving, but they cannot hold her truth because they were never ready to honor it.

When she finds those who respect her boundaries and celebrate her fullness, she finds her home. Loving her means standing in her light‚Äînot dimming it.

üñ§ To love her in any capacity is to rise to the occasion, meet her with care, and reflect her brilliance. #BlackAutisticWoman #Neurodiversity #BlackExcellence #Intersectionality",2024-12-08 10:36:14,177957956,lovettejallow,https://scontent-iad3-2.cdninstagram.com/v/t51.2885-15/469619080_18471186667037957_4931395043809148777_n.jpg?stp=dst-jpg_e35_s1080x1080_sh0.08_tt6&_nc_ht=scontent-iad3-2.cdninstagram.com&_nc_cat=105&_nc_oc=Q6cZ2QFyztTXNOe2RF_hSkaIjpPi0dHncnMwwg7bnQSEL3XdYmJOApxB7cLTIeBbxDlT_FM_bAjHtuC9g6r1DZWdL6gd&_nc_ohc=5ieKguBMG1oQ7kNvwEgTk1V&_nc_gid=ZeoMkWimCHdmy4IEhXXMnw&edm=AA0rjkIBAAAA&ccb=7-5&oh=00_AfjNu7xg4Lk3fFzO9kzMQHAn3Kxvd9U43q77gTh_acwB3w&oe=6933B06F&_nc_sid=49ed71
25,"CRM: Where do you see things going in the next 5-10 years?
ü¶ã
Ayanna Sanaa : My hope is that it shifts to be even more inclusion of black autistic women and the stigma around autism is removed, people sometimes shy away from us when they learn your autistic before even getting to know you before even giving you a chance all because of their ignorance from what they have heard so my hopes are that society dissolves some of these and we are given a fair chance at life, I also hope to see the media handle autism with more care a lot of times there is a lot of misinformation being spread about autism or you are only hearing about the bad side but rarely the joys, there‚Äôs so much about autism that people need to see there are so many things this world can learn from our neurodivergent minds ‚ôæÔ∏è
.
.
Link üîóto full story in my stories 

#autismacceptance #autismawareness #autisticartist #autismadvocate #autismadvocacy #autismadvocates #neurodivergent #neurodiversity #blackandautistic #autisticandblack #autisticadults #autisticwomen #blackautistics #blackautisticwoman #adhd #audhd",2024-11-26 15:53:24,24175768395,phenomenallyautistic,https://scontent-iad3-2.cdninstagram.com/v/t51.29350-15/468481809_1127221562452391_8717543888334490991_n.jpg?stp=dst-jpg_e35_p1080x1080_tt6&_nc_ht=scontent-iad3-2.cdninstagram.com&_nc_cat=111&_nc_oc=Q6cZ2QFyztTXNOe2RF_hSkaIjpPi0dHncnMwwg7bnQSEL3XdYmJOApxB7cLTIeBbxDlT_FM_bAjHtuC9g6r1DZWdL6gd&_nc_ohc=XViKZrCTQ9EQ7kNvwGWjzry&_nc_gid=ZeoMkWimCHdmy4IEhXXMnw&edm=AA0rjkIBAAAA&ccb=7-5&oh=00_AfiNyTfB6GAcIsy7HY6SvubrS8wHkUenAgumhGQbh3UafA&oe=6933D0C5&_nc_sid=49ed71
26,"It‚Äôs been interesting reflecting on my experiences with friendships. This is a much more broad reflection for today. Maybe more personalized ones will come later.

#blackautistic #autistic #audhd #disabledcreator #neurodivergent #blackautisticwoman #friendship",2024-10-08 16:38:36,52339432623,childofautism,https://scontent-iad3-1.cdninstagram.com/v/t51.29350-15/462284261_1205645533858105_500417853817560733_n.jpg?stp=dst-jpg_e35_tt6&_nc_ht=scontent-iad3-1.cdninstagram.com&_nc_cat=101&_nc_oc=Q6cZ2QFyztTXNOe2RF_hSkaIjpPi0dHncnMwwg7bnQSEL3XdYmJOApxB7cLTIeBbxDlT_FM_bAjHtuC9g6r1DZWdL6gd&_nc_ohc=vLOD3kRWJfUQ7kNvwGmy-DF&_nc_gid=ZeoMkWimCHdmy4IEhXXMnw&edm=AA0rjkIBAAAA&ccb=7-5&oh=00_AfjWCDfFTY9JjdIuSTHak4Gx9uyj55iNslmrXrnFBpGOcg&oe=6933CFF9&_nc_sid=49ed71
27,"I‚Äôd love to expand more on this in the future very soon!
I think I‚Äôm sort getting the hang of making posts and posting it! I‚Äôm very proud of myself :3

#autistic #actuallyautistic #blackautistic #blackautisticwoman #neurodivergent #disabledcreator #neurodivergentcreator #autizzy #accommodations #audhd #autismadvocacy",2024-05-24 04:03:47,52339432623,childofautism,https://scontent-iad3-1.cdninstagram.com/v/t51.29350-15/446111727_1206457747030426_5314041030685547609_n.jpg?stp=dst-jpg_e35_tt6&_nc_ht=scontent-iad3-1.cdninstagram.com&_nc_cat=110&_nc_oc=Q6cZ2QFyztTXNOe2RF_hSkaIjpPi0dHncnMwwg7bnQSEL3XdYmJOApxB7cLTIeBbxDlT_FM_bAjHtuC9g6r1DZWdL6gd&_nc_ohc=MDnbPt9VuL4Q7kNvwFFqWpM&_nc_gid=ZeoMkWimCHdmy4IEhXXMnw&edm=AA0rjkIBAAAA&ccb=7-5&oh=00_AfixQ5OMa2cWr98V4HPbPSi-0eOCENfy7GSr3jMgNnC8uQ&oe=6933C433&_nc_sid=49ed71
28,"LFAP: Comment on society‚Äôs
understanding/acceptance of you as an Autistic Black person. In other words, in what ways are you embraced in your community or society at large and in what ways are you misunderstood or ignored?
I feel Black Autistic women are just now being embraced because more black women are starting be diagnosed. For so long, black women were being misdiagnosed, late diagnosed, or not diagnosed at all. So as diagnoses become more common, I feel society will become more accepting and the stigma can be removed about black women being just angry (in fact, we can be neurodivergent). I feel that‚Äôs where the misunderstanding comes-in the stereotype of the angry, black woman, when, in fact, we were neurodivergent. I have heard this about myself because I can come off as standoffish when I‚Äôm feeling overstimulated, which can translate into being unfriendly, which can translate into angry. But I was none of that the entire time, I was just autistic. - Phenomenally Autistic 

Full Article Link in bio & story üíú‚ôæÔ∏è 

Thank you to Jenna from Learn From Autistic People #blackandautistic #blackautisticwoman #blackautisticwomen #autisticandblack #actuallyautistic #autism #autistic #autismacceptance #autisticartist #autisticcreator #autisticcreatives #autisticcreators #blackcreatives #blackcreators #neurodivergent #neurodivergentcreative",2024-05-23 14:37:05,24175768395,phenomenallyautistic,https://scontent-iad3-1.cdninstagram.com/v/t51.29350-15/445745658_977227043958393_5481273491598721683_n.jpg?stp=dst-jpg_e35_p1080x1080_tt6&_nc_ht=scontent-iad3-1.cdninstagram.com&_nc_cat=109&_nc_oc=Q6cZ2QFyztTXNOe2RF_hSkaIjpPi0dHncnMwwg7bnQSEL3XdYmJOApxB7cLTIeBbxDlT_FM_bAjHtuC9g6r1DZWdL6gd&_nc_ohc=rIXmycfTgBcQ7kNvwHOQ0x4&_nc_gid=ZeoMkWimCHdmy4IEhXXMnw&edm=AA0rjkIBAAAA&ccb=7-5&oh=00_AfiWdtzzyC2AhUYocm0oB7HMn1VMLS7xHLittaxdC95e5A&oe=6933C742&_nc_sid=49ed71
29,"üåç The linguistic diversity in Africa and the challenges in understanding autism. üåç

Attending a Somali Community event where a doctor explained how a family did not understand the concept of autism because they did not have a word for it in their language made me think about how many more communities could be going through the same thing.

Here are the words I found that attempted to define autism and their approximate translation:

1. In Swahili: Ugonjwa wa akili ya kujirudia (repetitive mind disorder)
2. In Amharic: ·ã®·àÉ·ã≠·àõ·äñ·âµ ·ã®·àò·å•·çã·âµ ·à•·à≠·ãì·âµ (behavioral development disorder)
3. In Yoruba: ·ªåÃÄr·ªçÃÄ √†√¨s√†n ara (behavior disorder)
4. In Hausa: Mugu…ói na ayyukan (mind disorder)
5. In Zulu: Ukwesaba ukugula (fear or strange illness)
6. In Swazi: Ligci elincane lokuhlupheka (small mind disorder)
7. In Igbo: Nj·ª•j·ª• nd·ªã ·ªçr·ª• ego (behavioral disorder)

From the translations, it can be perceived that the medical model is currently the reference point when talking about autism in Africa. Do you know any other word to define autism? Let me know in the comments üòâ

.

.

.

.

.
#BlackAutisticCommunity
#BlackAutisticWoman
#MujerNegraAutista
#BlackAutistics
#Intersectionality
#autisminafrica",2024-04-30 12:08:32,291391126,jessicasota,https://scontent-iad3-1.cdninstagram.com/v/t51.29350-15/440627544_2754910128019472_9017905678643785186_n.jpg?stp=dst-jpg_e35_tt6&_nc_ht=scontent-iad3-1.cdninstagram.com&_nc_cat=108&_nc_oc=Q6cZ2QFyztTXNOe2RF_hSkaIjpPi0dHncnMwwg7bnQSEL3XdYmJOApxB7cLTIeBbxDlT_FM_bAjHtuC9g6r1DZWdL6gd&_nc_ohc=0tJV4YhqppMQ7kNvwFif2CO&_nc_gid=ZeoMkWimCHdmy4IEhXXMnw&edm=AA0rjkIBAAAA&ccb=7-5&oh=00_Afij6mGKTJFPO3s0NykAhpypk2s0zgH_P41zf3ubIct8PQ&oe=6933C1BA&_nc_sid=49ed71
30,"This post was kind of all over the place and this is probably something that I‚Äôm gonna be sharing more about in the future

#actuallyautistic #neurodivergent #autismawareness #autismacceptance #autism #neurodivergentcreator #audhd #blackautistic #blackautisticwoman",2024-04-27 04:21:24,52339432623,childofautism,https://scontent-iad3-1.cdninstagram.com/v/t51.29350-15/440894052_1841115983021864_4765883498270124474_n.jpg?stp=dst-jpg_e35_tt6&_nc_ht=scontent-iad3-1.cdninstagram.com&_nc_cat=108&_nc_oc=Q6cZ2QFyztTXNOe2RF_hSkaIjpPi0dHncnMwwg7bnQSEL3XdYmJOApxB7cLTIeBbxDlT_FM_bAjHtuC9g6r1DZWdL6gd&_nc_ohc=Csv30fNii3MQ7kNvwEWhZsN&_nc_gid=ZeoMkWimCHdmy4IEhXXMnw&edm=AA0rjkIBAAAA&ccb=7-5&oh=00_AfhScUj9aTR75j0YtNjAhqUNkdC89VmHMAqHNBvTOk58Yw&oe=6933D2E8&_nc_sid=49ed71
31,"CRM? We often hear about learning lessons ‚Äì but just as important is unlearning lessons. Have you ever had to unlearn a lesson?
Ayanna- A lesson I had to unlearn was that I was unworthy and that my voice did not matter the backstory is really simple is very common for disabled people feel unseen and unheard and I was told by a professional authority figure when I was a teenager that I wouldn‚Äôt get very far or be much in life and I believed her and that stuck with me for a very long time it start to change until I received my autism diagnosis and my self love and worth journey began and I realized not only am I worthy I‚Äôm more than worthy ü¶ã‚ôæÔ∏èüíúü´∂üèΩ 
.
.
.
Thank you to Canvas Rebel Magazine for speaking with me & Thank you to @neurodivergentrebel for always supporting me & connecting me with new people ‚ôæÔ∏è‚ôæÔ∏è‚ôæÔ∏è #autismacceptance #neurodivergent #neurodiversity #autismaccetancemonth #autisticandblack #autistic #autism #autisticadult #autisticwomen #blackautisticwoman #autisticartist #autismjourney #autisticjoy #developmentaldisabilities #developmentaldelays #audhd #adhd #blackcreatives #author #illustrator #autizzy",2024-04-04 13:33:50,24175768395,phenomenallyautistic,https://scontent-iad3-2.cdninstagram.com/v/t51.29350-15/435026499_1106097957298632_4179876211933593964_n.jpg?stp=dst-jpg_e35_tt6&efg=eyJ2ZW5jb2RlX3RhZyI6IkZFRUQuaW1hZ2VfdXJsZ2VuLjE0NDB4MTc5Ni5zZHIuZjI5MzUwLmRlZmF1bHRfaW1hZ2UuYzIifQ&_nc_ht=scontent-iad3-2.cdninstagram.com&_nc_cat=100&_nc_oc=Q6cZ2QFLah2ZOpq7-3VZwk9b2zbNfz7BndLSAa-gUSmXxfPt2-P4_4-WY6Cv2Qz2gcWf6T6u8yQOpq031yWCp3kcCFCg&_nc_ohc=Y6SgAj3RmwEQ7kNvwHh2bG_&_nc_gid=lKIvyOOsWgNHysbeOFyPRQ&edm=ALQROFkBAAAA&ccb=7-5&ig_cache_key=MzMzODgxMzY5MzY3NDYzMjAxOQ%3D%3D.3-ccb7-5&oh=00_AfhVpg5xYgfMKQOJF_-i7iDZ4PTGWKIE6tbIZwAouqB6IA&oe=6933C515&_nc_sid=fc8dfb
32,"Happy #AutismAwareness and #AutsimAcceptanceMonth! I wanted to take the time to re-introduce myself and share my journey of getting a #diagnosis. This month I want to center the voices of #AutsticCreators across the #Spectrum while focusing on the impact #Autism has specifically on #BlackWomen and #BlackGirls. My hope is that this month everyone continues to educate themselves on Autism, and advocates for full inclusion and acceptance. My experience is just one of millions of diverse experiences across the spectrum, so be sure to check out other Autistic creators. 

[Image ID: All slides are black with yellow text, and decorative multi-colored scribbles.

1. ""@charlottesayss Hi! I'm Charlotte and I'm Autistic""

2. ""I am 23 and from Detroit, Michigan. I have a degree in Professional and Public Writing. I enjoy reading, coffee, thrifting, and Sanrio!""

3. ""I was diagnosed when I was 22. I decided to seek a diagnosis because I was experiencing things that felt different than bipolar symptoms. ""

4. ""Finding ASD testing wasn't easy because of the long waitlist, lack of providers who accept insurance, and finding a provider who wouldn't dismiss me as a Black woman.""

5. ""It was important for me to get a clinical diagnosis because I wanted to understand who I was fully, and how I could better advocate and accommodate myself.""

6. ""Since receiving my diagnosis, I have been supported by my family and friends. I want to use my platform to advocate for Black Autistic Voices.""]

#Autizzy #BlackAndAutistic #BlackAutisticWoman #BlackAndDisabled #ASD #Detroit #AutisticWoman #ActuallyAutistic",2024-04-01 17:25:48,3450157479,charlottesayss,https://scontent-iad3-2.cdninstagram.com/v/t51.29350-15/434399753_395565893429226_3321133219489436182_n.jpg?stp=dst-jpg_e15_fr_s1080x1080_tt6&_nc_ht=scontent-iad3-2.cdninstagram.com&_nc_cat=106&_nc_oc=Q6cZ2QFyztTXNOe2RF_hSkaIjpPi0dHncnMwwg7bnQSEL3XdYmJOApxB7cLTIeBbxDlT_FM_bAjHtuC9g6r1DZWdL6gd&_nc_ohc=gWQhBYA5BKYQ7kNvwHR2jgs&_nc_gid=ZeoMkWimCHdmy4IEhXXMnw&edm=AA0rjkIBAAAA&ccb=7-5&oh=00_Afhfqnuqk89NlkDbpx1gna5uG2QTCWDygv4aIwGu4zoJjg&oe=6933CFEC&_nc_sid=49ed71
33,This is not a topic to debate.,2024-01-30 19:44:20,48025940449,pat.radical.therapist,https://scontent-iad3-1.cdninstagram.com/v/t39.30808-6/468596828_18029680904604450_1961800621736536671_n.jpg?stp=dst-jpg_e35_tt6&_nc_cat=108&ig_cache_key=MzI5MTg4OTc1Mzk5NzEwODk3OQ%3D%3D.3-ccb7-5&ccb=7-5&_nc_sid=58cdad&efg=eyJ2ZW5jb2RlX3RhZyI6InhwaWRzLjEwODB4MTA4MC5zZHIuQzMifQ%3D%3D&_nc_ohc=A43HqQvT6ZoQ7kNvwGboIGm&_nc_oc=AdnjeL2cL7kNgGS03Z248dKkmaSQnShFBK87URTNnxT9TIRxd6ryFOXuE-MDoAV6Wx7k992jpPvRUYpOd2snvCkN&_nc_ad=z-m&_nc_cid=0&_nc_zt=23&_nc_ht=scontent-iad3-1.cdninstagram.com&_nc_gid=CO6wqgtBQyjjWo-sDBOENg&oh=00_AfhfmxDl_hZup7eEMeJA5l3Nsrs4Gl4pwjuFtn_XzoRjpQ&oe=6933B1FC
34,"ABA is abuse.

‚Å£
.‚Å£
.‚Å£
.‚Å£
.‚Å£
.‚Å£
#blackautisticwoman #blackautisticchild #blackautistic #blackautisticchildren #decolonizementalhealth #decolonizetherapy #decolonizethisplace #behavioranalysis #abatherapy #appliedbehavioranalysis #autismadvocate #behaviorscience #autismsupport #autistic #asd #autism #autismacceptance #aspergers #neurodiversity #autismawareness #neurodivergent #autismadvocate #autismwarrior",2024-01-25 21:11:14,48025940449,pat.radical.therapist,https://scontent-iad3-1.cdninstagram.com/v/t39.30808-6/468659101_18029680331604450_3457184772653495167_n.jpg?stp=dst-jpg_e35_tt6&_nc_cat=107&ig_cache_key=MzI4ODMwOTYwODc2MTU4NDYxNQ%3D%3D.3-ccb7-5&ccb=7-5&_nc_sid=58cdad&efg=eyJ2ZW5jb2RlX3RhZyI6InhwaWRzLjEwODB4MTA4MC5zZHIuQzMifQ%3D%3D&_nc_ohc=mWwfrLXYt7AQ7kNvwH-kD5R&_nc_oc=AdmKC6RhinbaDxlFKOxBTQfSAk3B9GbVGMOOvuqwUuIniDSlEb0BbtRB8TVTx5pDdRCLMYNonY6Gec7RGtSH3Vuc&_nc_ad=z-m&_nc_cid=0&_nc_zt=23&_nc_ht=scontent-iad3-1.cdninstagram.com&_nc_gid=wQMsv1UEt6FObHSJ98T0jw&oh=00_Afij5GSaIR8sxL5yA_pteI0UXMEuZruCw1kQPQcMzFgU6g&oe=6933E238
35,"‚ÄúIf nothing ever changed, there would be no such things as butterflies‚Äù ü¶ã

As a late diagnosed autistic finding out what was ‚Äòwrong‚Äô with me ( I don‚Äôt think anything is wrong I‚Äôm just different) üòÜ my soul did a total transformation ü¶ã the shell I had gone into slowing started faded away as I came into my own , understanding myself lead to loving myself ‚ù§Ô∏è‚ù§Ô∏è‚ù§Ô∏è( self hate is a MF ) ü•≤ now knowing I‚Äôm autistic and have the other developmental challenges I do I have flourished as far as becoming my true self and not being afraid to SOAR ‚ú®‚ú®‚ú®‚ú®ü´∂üèΩ , I say all this to say there‚Äôs not wrong with an IEP that extra help just may need the extra push a child needs to reach their full potential don‚Äôt worry about what other people say, if you see your child has traits that may seem odd don‚Äôt be afraid to get them evaluated self awareness just may change their life #autistic #autism #autismacceptancemonth #imwhatautismlookslike #autisticwomen #autisticadults #autisticpride #autisticjoy #autisticaf #autizzy #blackandautistic #blackautisticwoman #blackautisticwomanartist #neurodivergent #neurodiversity #developmentaldisabilities #developmentaldelay #dyxlexia #sensoryprocessingdisorder #autisticmeltdowns #contentcreator #fashionstyle #fashiongram",2023-09-13 13:25:52,24175768395,phenomenallyautistic,https://scontent-iad3-2.cdninstagram.com/v/t51.29350-15/378480949_616916160628433_4412859849154909539_n.jpg?stp=dst-jpg_e35_tt6&efg=eyJ2ZW5jb2RlX3RhZyI6IkZFRUQuaW1hZ2VfdXJsZ2VuLjE0NDB4MTc5OS5zZHIuZjI5MzUwLmRlZmF1bHRfaW1hZ2UuYzIifQ&_nc_ht=scontent-iad3-2.cdninstagram.com&_nc_cat=105&_nc_oc=Q6cZ2QGgCc3M9r4EI4JQFC-h9QTXhlblRwaxQXoXJK9tglWXTbdl-KC36VQRLZyk1_loM3MXa7aVOwiytl5wVNj36L7N&_nc_ohc=9y14tMFeFRwQ7kNvwG3MFYE&_nc_gid=AN0dIO7O3N237lESzmx2kQ&edm=ALQROFkBAAAA&ccb=7-5&ig_cache_key=MzE5MDk1NTQ0MDA0MDA4MzE2Mw%3D%3D.3-ccb7-5&oh=00_AfiOYna72I-I1xXGZCtvHHe5ewv_FfmE8d32oPxQdUeTWw&oe=6933CFD1&_nc_sid=fc8dfb
36,"When I finally found some friends in school I loved being around them. But felt like I was still hiding a part of me. It was hard floating between groups and not feeling like I truly belonged in either one of them. I still preferred to hang out with family at the weekends and spend time alone. I didn‚Äôt realise that I was meant to enjoy hanging around with people my age all the time! Friendships were confusing as an undiagnosed autistic teenager! 

-OliviaTheAutie ü´∂üèæ
 

‚Ä¢
‚Ä¢
‚Ä¢
‚Ä¢
‚Ä¢
‚Ä¢

Image ID in Alt text 

#LateDiagnosedAutistic #Autistic #BlackAutistic #BlackAutisticWoman #AutisticWoman #ADHDer #ADHD #AutisticTeenager",2023-05-23 12:24:24,44009487223,itssjustliv,https://scontent-iad3-2.cdninstagram.com/v/t51.29350-15/348730137_936369154079988_8259412315931300566_n.jpg?stp=dst-jpg_e35_tt6&_nc_ht=scontent-iad3-2.cdninstagram.com&_nc_cat=100&_nc_oc=Q6cZ2QFyztTXNOe2RF_hSkaIjpPi0dHncnMwwg7bnQSEL3XdYmJOApxB7cLTIeBbxDlT_FM_bAjHtuC9g6r1DZWdL6gd&_nc_ohc=JvimO3NyMsMQ7kNvwGgF7a5&_nc_gid=ZeoMkWimCHdmy4IEhXXMnw&edm=AA0rjkIBAAAA&ccb=7-5&oh=00_Afg7Zxnmi3JBBbiRgdGSaZ6iNWXqZ5udavW3OlbNJJvPQg&oe=6933AC7B&_nc_sid=49ed71
37,#celebrating my #month with my #autismawareness #ribbon #blackautisticlivesmatter #blackautistic #blackautism #april #blackautisticwoman,2023-04-06 18:58:49,9137671861,carmen_diane_jones,https://scontent-iad3-1.cdninstagram.com/v/t51.29350-15/340025218_900549711253544_5341821182403917234_n.jpg?stp=dst-jpg_e35_tt6&efg=eyJ2ZW5jb2RlX3RhZyI6IkZFRUQuaW1hZ2VfdXJsZ2VuLjE0NDB4MTQ0MC5zZHIuZjI5MzUwLmRlZmF1bHRfaW1hZ2UuYzIifQ&_nc_ht=scontent-iad3-1.cdninstagram.com&_nc_cat=108&_nc_oc=Q6cZ2QGOz8SfHlr4XLueyPxBMcPLcLhKnCgEm5u1F0SBaDdfNo7zk7uQcxGI6M-ZaY0fYZSJlzOPw9Fxuq-ggll9DfEG&_nc_ohc=LZeFqdTIIwoQ7kNvwEYx6yy&_nc_gid=47MbdQdmxxfIRgI_3bjzQA&edm=ALQROFkBAAAA&ccb=7-5&ig_cache_key=MzA3NTE1ODg5NjA3MDMyNTY5MQ%3D%3D.3-ccb7-5&oh=00_AfisF8hCshCw7Zb9mX0MRh9RElJrhhfQ3Qsu93C3EUXqVw&oe=6933E14A&_nc_sid=fc8dfb
38,"Allowing myself to have meltdowns and shutdowns and giving myself grace afterwards. Knowing my struggles and experiences are valid. Being kinder to myself when I‚Äôm burnout. It means meeting my needs and self advocating for them. Having the right to express myself and be listened to. Revisiting childhood stims and interests. It means not putting pressure on myself to live up to neurotypical standards. 

Taking a break from masking and neurotypicals when it all becomes too much! To do things that I enjoy without fear or judgement. To feel autistic joy. To not be ashamed of being autistic or the way that my brain works. Unmasking when I feel safe enough to. Autism is a big part of me, it‚Äôs who I am! It affects everything that I do. I‚Äôm learning to be the person that younger me needed growing up! 

-Olivia ü´∂üèæ

Image ID in Alt text
‚Ä¢
‚Ä¢
‚Ä¢
‚Ä¢
‚Ä¢
‚Ä¢

#AutismAcceptance #AutismAwareness #Autistic #Autism #LateDiagnosedAutistic #Autie #BlackAutisticWoman #AutisticWoman",2023-04-05 11:04:50,44009487223,itssjustliv,https://scontent-iad3-1.cdninstagram.com/v/t51.29350-15/339339921_1938104183216974_3193335575826759090_n.jpg?stp=dst-jpg_e35_tt6&efg=eyJ2ZW5jb2RlX3RhZyI6IkZFRUQuaW1hZ2VfdXJsZ2VuLjEwODB4MTA4MC5zZHIuZjI5MzUwLmRlZmF1bHRfaW1hZ2UuYzIifQ&_nc_ht=scontent-iad3-1.cdninstagram.com&_nc_cat=110&_nc_oc=Q6cZ2QF2QK6XiW5i_aBgPRm58DvP3-2KxItvlPK3gedDhbc60WaDr0MXN-TLoDKrPIDOtMDH9jT3_b76V8xvsAGYvpvM&_nc_ohc=olKSBTGcNCAQ7kNvwFqhrZF&_nc_gid=LZfLiw6gzvDB1vCl7drrQg&edm=ALQROFkBAAAA&ccb=7-5&ig_cache_key=MzA3NDE5NTU1ODgyMjQ5ODgwNQ%3D%3D.3-ccb7-5&oh=00_AfhbYhTUWefPj4iKuy1Y83W3sqaebAv86-QPSZUFo4LhLg&oe=6933DF25&_nc_sid=fc8dfb
39,"We might not have been put on medication for mental health conditions that we were constantly misdiagnosed with. Or put through therapy that is not made for our brains. It would have saved so many of us from only getting diagnosed after reaching crisis point. If only autism was considered as a possibility in the first place! Instead of being overlooked. Not being diagnosed until my mid 20‚Äôs definitely impacted my mental health. I look forward to the day where many of us are diagnosed earlier. If I didn‚Äôt delve into the possibility of being autistic I probably would‚Äôve never received a diagnosis. I didn‚Äôt even consider it a possibility myself until I researched it in depth and had many  aha moments relating to personal experiences of other autistics! 

As someone who was diagnosed with depression and anxiety in my early 20‚Äôs. Before my autism diagnosis at 25, I went through many treatments and medications with no improvement. I told the doctor that the office at my job at the time, was too loud and bright and was diagnosed with anxiety. I was constantly signed off of work with anxiety and depression and struggled with my mental health. Still autism was not considered until years later. 

A few months after my autism diagnosis and researching about autistic burnout. I asked for autistic burnout to be put on a sick note. My sick note said depression and anxiety instead. I look forward to seeing autistic burnout on a sick note and it being understood by health professionals, employers, more of us auties and society. I also look forward to an autism diagnosis being considered earlier and not being an after thought! There is still a long way to go! 

Disclaimer: you can be autistic and be diagnosed with depression and anxiety and have other diagnoses. Autistic burnout can mimic the symptoms of depression but the two are different. Please seek help if you need it. I‚Äôm not a medical professional this is my personal experience and viewpoint. 

p.s-love this audio so used it twice in a row 

-OliviaTheAutie ü´∂üèæ

‚Ä¢
‚Ä¢
‚Ä¢
‚Ä¢
‚Ä¢
‚Ä¢

#ActuallyAutistic #Autism #Neurodivergent #LateDiagnosedAutistic #BlackAutisticWoman #AutisticWoman",2023-03-21 11:11:50,44009487223,itssjustliv,https://scontent-iad3-1.cdninstagram.com/v/t51.29350-15/337128821_119995351035268_8212824312547297293_n.jpg?stp=dst-jpg_e35_tt6&efg=eyJ2ZW5jb2RlX3RhZyI6IkZFRUQuaW1hZ2VfdXJsZ2VuLjEwODB4MTA4MC5zZHIuZjI5MzUwLmRlZmF1bHRfaW1hZ2UuYzIifQ&_nc_ht=scontent-iad3-1.cdninstagram.com&_nc_cat=104&_nc_oc=Q6cZ2QHarKGLDyavu_WxHhouktMHCC9fEy4MYykMLthoH9WwkOYtIlyZDBIcyosFW30v9EPNc1S9XkpwDOU56cMj4qQX&_nc_ohc=tAGsFl10lBgQ7kNvwE3SvpL&_nc_gid=fHRsnUAg3vgkPBy0VtS5Jw&edm=ALQROFkBAAAA&ccb=7-5&ig_cache_key=MzA2MzMyNzQ0ODM1OTgzODcyOA%3D%3D.3-ccb7-5&oh=00_AfgzqE94Ewiq3dfZ1wyN-Tka3Kk3V-2TK08TyWXccSmbpg&oe=6933BCCC&_nc_sid=fc8dfb
40,"Like many autistics, growing up I was bullied and ostracised for my autistic traits. My classmates and some teachers just saw me as a child who was a quiet and sensitive soul. It was more than just being ‚Äúsensitive‚Äù ‚Äúover dramatic‚Äù or quiet and shy. My autistic traits were missed and overlooked especially being a girl. A young Black girl. No one would‚Äôve thought that I was autistic. But it was autism all along. 

-OliviaTheAutie ü´∂üèæ

‚Ä¢
‚Ä¢
‚Ä¢
‚Ä¢
‚Ä¢
‚Ä¢
‚Ä¢

#BlackAutisticWoman #LateDiagnosedNeurodivergent #LateDiagnosedAutistic #ActuallyAutistic #BlackAutistic #AutismWhileBlack
#AutisticWoman #Autie #AutismAcceptance",2023-03-03 23:35:42,44009487223,itssjustliv,https://scontent-iad3-2.cdninstagram.com/v/t51.29350-15/334339974_598796198419491_3171787500930121114_n.jpg?stp=dst-jpg_e35_tt6&efg=eyJ2ZW5jb2RlX3RhZyI6IkZFRUQuaW1hZ2VfdXJsZ2VuLjEwODB4MTA4MC5zZHIuZjI5MzUwLmRlZmF1bHRfaW1hZ2UuYzIifQ&_nc_ht=scontent-iad3-2.cdninstagram.com&_nc_cat=103&_nc_oc=Q6cZ2QHv_CJ7xFSenxyNOfMM7N5mVPHtXjIR5BWCcLbR6MPOifcS-IqnQop4vEEB4FUU3mwN-okkE7jLi2v48qJ3OR5O&_nc_ohc=ljDyPkG-FUkQ7kNvwEX2InX&_nc_gid=4trsLIVUlifbk9tmKvKBVw&edm=ALQROFkBAAAA&ccb=7-5&ig_cache_key=MzA1MDY1NTg4MTQyMzUwNjIzNg%3D%3D.3-ccb7-5&oh=00_AfjNGjga3D6QU6dgVL2mU5ZfZa4VYrQMZgmZkdh80ngBCw&oe=6933BB3F&_nc_sid=fc8dfb
41,"bright smiles

when i look weird on this one. 1-22-22

.
.
.
.
.
#autie #black #neurodivergent #blackautisticwoman #blackqueen #autisticwoman #autistic #queen #Â•≥Á•û #ulike #gazo #jidori #„É¢„Éá„É™„É≥„Ç∞ #„Çª„É´„Éï„Ç£„Éº# #selfie #Áæé„Åó„ÅÑ #instagram #„Ç´„Ç≥„Ç∏„Éß #photo #ulikecamera #lightroom #love #autismacceptance #model #blackgirlmagic #differentnotless #dazzcam #like4like #explorepage",2023-01-28 01:01:58,57239893627,autiefaeriegal,https://scontent-iad3-1.cdninstagram.com/v/t51.29350-15/327600635_497834988957196_1641656600759963451_n.jpg?stp=dst-jpg_e35_p1080x1080_tt6&_nc_ht=scontent-iad3-1.cdninstagram.com&_nc_cat=104&_nc_oc=Q6cZ2QFyztTXNOe2RF_hSkaIjpPi0dHncnMwwg7bnQSEL3XdYmJOApxB7cLTIeBbxDlT_FM_bAjHtuC9g6r1DZWdL6gd&_nc_ohc=AifWne4I7G8Q7kNvwGJnOuK&_nc_gid=ZeoMkWimCHdmy4IEhXXMnw&edm=AA0rjkIBAAAA&ccb=7-5&oh=00_AfjWlsXaRV51xzZBYAMGkj4OzFwsMAR-_nnHrL_UJHICCA&oe=6933DCE1&_nc_sid=49ed71
42,"I feel like I‚Äôm givin myself some Lana vibes‚Ä¶
.
.
.
.
.
#autie #black #neurodivergent #blackautisticwoman #blackqueen #autisticwoman #autistic #queen #Â•≥Á•û #ulike #gazo #jidori #„É¢„Éá„É™„É≥„Ç∞ #„Çª„É´„Éï„Ç£„Éº# #selfie #Áæé„Åó„ÅÑ #instagram #„Ç´„Ç≥„Ç∏„Éß #photo #ulikecamera #lightroom #love #autismacceptance #model #blackgirlmagic #differentnotless #dazzcam #like4like #explorepage",2023-01-27 04:58:06,57239893627,autiefaeriegal,https://scontent-iad3-1.cdninstagram.com/v/t51.29350-15/327718416_572905877764485_5292413400697229807_n.jpg?stp=dst-jpg_e35_p1080x1080_tt6&_nc_ht=scontent-iad3-1.cdninstagram.com&_nc_cat=109&_nc_oc=Q6cZ2QFyztTXNOe2RF_hSkaIjpPi0dHncnMwwg7bnQSEL3XdYmJOApxB7cLTIeBbxDlT_FM_bAjHtuC9g6r1DZWdL6gd&_nc_ohc=-_V5Hl_JfaIQ7kNvwHqNGfd&_nc_gid=ZeoMkWimCHdmy4IEhXXMnw&edm=AA0rjkIBAAAA&ccb=7-5&oh=00_AfjmeyPOGvIVub-ElLMEEnsDwXfDtVe8LHg4sTOvr6Fulw&oe=6933C575&_nc_sid=49ed71
43,"im just behind the sofa gettin some shade from the sun üåû
.
.
.
.
.
#autie #black #neurodivergent #blackautisticwoman #blackqueen #autisticwoman #autistic #queen #Â•≥Á•û #ulike #gazo #jidori #„É¢„Éá„É™„É≥„Ç∞ #„Çª„É´„Éï„Ç£„Éº# #selfie #Áæé„Åó„ÅÑ #instagram #„Ç´„Ç≥„Ç∏„Éß #photo #ulikecamera #lightroom #love #autismacceptance #model #blackgirlmagic #differentnotless #dazzcam #like4like #explorepage",2023-01-26 15:00:30,57239893627,autiefaeriegal,https://scontent-iad3-2.cdninstagram.com/v/t51.29350-15/327106896_552767780244648_1327843549181128903_n.jpg?stp=dst-jpg_e35_tt6&efg=eyJ2ZW5jb2RlX3RhZyI6IkZFRUQuaW1hZ2VfdXJsZ2VuLjE0NDB4MTgwMC5zZHIuZjI5MzUwLmRlZmF1bHRfaW1hZ2UuYzIifQ&_nc_ht=scontent-iad3-2.cdninstagram.com&_nc_cat=100&_nc_oc=Q6cZ2QEYxcCL8ceuh1Z9yjc1P4XSKp046WjX1ALGMwfRTHLSvJguth8yyzczGL2iEeTIPr2FP7nlfxysPalAG3JTVWJZ&_nc_ohc=112ZI-3LJXEQ7kNvwG86ItA&_nc_gid=Amwe4m3s1kj7ibAEiabVxw&edm=ALQROFkBAAAA&ccb=7-5&ig_cache_key=MzAyNDMwNDY1Mjc5MTI3MTE0OQ%3D%3D.3-ccb7-5&oh=00_AfiOJw7cL8HaHl658MSysLiMNGo4HSpPbyUQVaG4i3H8gw&oe=6933DEF8&_nc_sid=fc8dfb
44,"when i look weird on this one.

.
.
.
.
.
#autie #black #neurodivergent #blackautisticwoman #blackqueen #autisticwoman #autistic #queen #Â•≥Á•û #ulike #gazo #jidori #„É¢„Éá„É™„É≥„Ç∞ #„Çª„É´„Éï„Ç£„Éº# #selfie #Áæé„Åó„ÅÑ #instagram #„Ç´„Ç≥„Ç∏„Éß #photo #ulikecamera #lightroom #love #autismacceptance #model #blackgirlmagic #differentnotless #dazzcam #like4like #explorepage",2023-01-22 04:53:37,57239893627,autiefaeriegal,https://scontent-iad3-2.cdninstagram.com/v/t51.29350-15/326404941_509526927736431_3741073172228244275_n.jpg?stp=dst-jpg_e35_tt6&efg=eyJ2ZW5jb2RlX3RhZyI6IkZFRUQuaW1hZ2VfdXJsZ2VuLjEzMzJ4MTY2NS5zZHIuZjI5MzUwLmRlZmF1bHRfaW1hZ2UuYzIifQ&_nc_ht=scontent-iad3-2.cdninstagram.com&_nc_cat=103&_nc_oc=Q6cZ2QEaBa2DnEysH8UuuM32uEmfStElR1-unFUYz43pzB4Co5Pmni1JGwznM3Bm7HivWZm4wYnDONcjwcxPxq7FmSI4&_nc_ohc=eUKPWDepTbkQ7kNvwHkKgpj&_nc_gid=yOxsUDlosCSWKdJqWUtArg&edm=ALQROFkBAAAA&ccb=7-5&ig_cache_key=MzAyMTEwMDA5NDY5NTA0MDQ1Mg%3D%3D.3-ccb7-5&oh=00_Afj2IzbbiuROmf9goxh6FVpk0lsON_KRAq7hNeid8XtiPw&oe=6933BE0A&_nc_sid=fc8dfb
45,"I wish that I knew this when I first discovered that I was autistic. At first, I compared my experiences to other autistic people all the time. As a result, I experienced imposter syndrome and often doubted whether I was actually autistic. Then when I got my autism diagnosis I realised as a Black autistic woman.  I am a minority within a minority. 

However, I‚Äôve realised this year that my experiences may be similar to other people but not necessarily the same in a lot of ways and that‚Äôs okay. My experience as a Black autistic person is unique to me because I have different needs and my culture and race impacts my experience. 

When you‚Äôve met one autistic person you‚Äôve met one autistic person. Every autistic person is different! This is not me saying that we cannot relate to each other as autistics. But just a little reminder that our experiences are unique and similar too! The experience of being autistic is different for each of us as individuals. The autism spectrum is not linear it‚Äôs endless ‚ôæÔ∏è

-OliviaTheAutie ü´∂üèæ

‚Ä¢
‚Ä¢
‚Ä¢
‚Ä¢

[ID: White writing over light green background reads ‚Äòmy experiences as an autistic person are unique to me‚Äô]

#ActuallyAutistic #BlackAutistic #BlackAutisticWoman #AutisticAdult #ImposterSyndrome #LateDiagnosedAutistic",2022-10-19 17:34:50,44009487223,itssjustliv,https://scontent-iad3-1.cdninstagram.com/v/t51.29350-15/312119246_1498454907341186_1389372530601176822_n.jpg?stp=dst-jpg_e35_tt6&efg=eyJ2ZW5jb2RlX3RhZyI6IkZFRUQuaW1hZ2VfdXJsZ2VuLjEwODB4MTA4MC5zZHIuZjI5MzUwLmRlZmF1bHRfaW1hZ2UuYzIifQ&_nc_ht=scontent-iad3-1.cdninstagram.com&_nc_cat=102&_nc_oc=Q6cZ2QGlJWhfK2GPCdpvWOBcS-LZuBF5uVCuJRZd5cHWt2j3GYLgXlZXQlTzj5ExyWK3RS78aMraubwfWWlkkV9Nbkx8&_nc_ohc=2pFPt0YjZC0Q7kNvwGV_fsA&_nc_gid=tpW1G8I2BVF-HpsEf3ZS4Q&edm=ALQROFkBAAAA&ccb=7-5&ig_cache_key=Mjk1MjYyOTUyOTEyMjgyODkxNg%3D%3D.3-ccb7-5&oh=00_AfgDpAAf4nOFx7WVPP3j-Tv-jkCHSYNCaCXgBLGHFZHUgw&oe=6933DC9C&_nc_sid=fc8dfb
46,"i missed seeing the sunlight üåû

.
.
.
.
.
#autie #autiegirl #black #neurodivergent #hippiegirl #blackautisticwoman #blackqueen #autisticwoman #autistic #queen #Â•≥Á•û #ulike #gazo #jidori #„É¢„Éá„É™„É≥„Ç∞ #Áæé„Åó„ÅÑ #instagram #„Ç´„Ç≥„Ç∏„Éß #like4like #photo #ulikecamera #lightroom #love #autismacceptance #model #blackgirlmagic #dazzcam #like4like #explorepage",2023-01-20 04:51:51,57239893627,autiefaeriegal,https://scontent-iad3-1.cdninstagram.com/v/t51.29350-15/326238917_210939064728736_5170013042804424960_n.jpg?stp=dst-jpg_e35_p1080x1080_tt6&_nc_ht=scontent-iad3-1.cdninstagram.com&_nc_cat=104&_nc_oc=Q6cZ2QEpU-2utKCc2mRQJ7c4015LGAB0UjBQLhjUfw-4uu536p08AQLkljhbJdod1FbRcG7MlBwAjyOMuPS-NBUAIuXy&_nc_ohc=fUDa5mvFjokQ7kNvwGs_IaM&_nc_gid=UDgKStx2qhnj8gX3rctqOw&edm=AA0rjkIBAAAA&ccb=7-5&oh=00_AfjpvN1enAYDJO4sQcfAEbPAyRk3HeoK_KlGBsZJ4soaJg&oe=6933E0BB&_nc_sid=49ed71
47,"One year ago today TERRIFIED & self conscious with absolutely no self confidence I show everyone in my world my bald head i speak about being chronically Ill the ugly sides the dark sides but this force me to face that ugly & dark side like never before but it also taught me to look further within myself for more strength further within myself for ‚Äòbeauty‚Äô it demonstrated that through all the trips to the er hospital stays, unbearable pain etc I survived and for that I feel like I have no choice but to be nothing less than GRATEFUL & THANKFUL because I might have been bald headed üòÇ but I was & am beyond BLESSED üôèüèΩüíúü¶ã‚ú® The things you make it through in life puts a different perspective on life ü´∂üèΩü´∂üèΩ‚ù§Ô∏è #chronicillness #chronicillnesslife #autism #autismacceptance #autistic #nevergiveup #blackandautistic #blackautisticwoman #blackautisticlivesmatter #actuallyautistic #autizzy #neurodivergent #neurodiversity #neurospicy #dyslexia #developmentaldisabilities #disabilitypridemonth #disabilityawareness #nevergiveup",2022-07-25 13:10:13,24175768395,phenomenallyautistic,https://scontent-iad3-2.cdninstagram.com/v/t51.29350-15/295609198_1189101981663198_3025924133442754952_n.jpg?stp=dst-jpg_e35_s1080x1080_tt6&_nc_ht=scontent-iad3-2.cdninstagram.com&_nc_cat=106&_nc_oc=Q6cZ2QEpU-2utKCc2mRQJ7c4015LGAB0UjBQLhjUfw-4uu536p08AQLkljhbJdod1FbRcG7MlBwAjyOMuPS-NBUAIuXy&_nc_ohc=iHItQRwCoBQQ7kNvwGA0Pp-&_nc_gid=UDgKStx2qhnj8gX3rctqOw&edm=AA0rjkIBAAAA&ccb=7-5&oh=00_AfiQrRBl47QDd2jYO9VbxMuYGRY2NTqEvTziNBX4qcV32A&oe=6933B23A&_nc_sid=49ed71
48,"Anyone need a #dissertation idea? An exploratory study, case study, or qualitative study would make a great dissertation and would not require the difficult task of recruiting a large number of subjects. #universityresearchers have a real opportunity to gather and analyze large amounts of data on this topic. If you are a #blackautistic woman and want to share your experiences, send me a DM and I can share them anonymously.
.
.
.
.
.
#bawg #blackautisticwoman #blackautisticwomen #autisticwhileblack #autism #autismresearch #autisticwomen #autisticwoman #dissertationlife #dissertationideas #dissertationidea #psychgraduate #psychgradstudent #psyd #childpsychologist #childpsychology #intersectionality #psychologyresearch #knowbetterdobetter #aspiegirl #autisticgirl #autisticgirls #autisminwomen #autismacceptance #differentnotless #autismspectrum #autismspectrumdisorder",2022-04-09 00:02:00,47676589417,developmental_discoveries,https://scontent-iad3-2.cdninstagram.com/v/t51.29350-15/278082560_1042571016336389_2576286766402312252_n.jpg?stp=dst-jpg_e35_tt6&_nc_ht=scontent-iad3-2.cdninstagram.com&_nc_cat=105&_nc_oc=Q6cZ2QEpU-2utKCc2mRQJ7c4015LGAB0UjBQLhjUfw-4uu536p08AQLkljhbJdod1FbRcG7MlBwAjyOMuPS-NBUAIuXy&_nc_ohc=0Wb_AUR1OvwQ7kNvwFqiKrQ&_nc_gid=UDgKStx2qhnj8gX3rctqOw&edm=AA0rjkIBAAAA&ccb=7-5&oh=00_AfiX-FhCptstsLR2_D8JvUt1eRaNqyzlEXbaQzGfJ-cs4g&oe=6933C434&_nc_sid=49ed71
49,#blackautisticlivesmatter #blackautisticpride #autismacceptance #autisticwomen #autisticprideday #blackautisticwoman,2021-06-21 18:58:12,48507540069,autistic_collective,https://scontent-iad3-1.cdninstagram.com/v/t51.2885-15/528461936_1115216307217628_2210917860309786266_n.jpg?stp=dst-jpg_e15_tt6&_nc_ht=scontent-iad3-1.cdninstagram.com&_nc_cat=108&_nc_oc=Q6cZ2QEpU-2utKCc2mRQJ7c4015LGAB0UjBQLhjUfw-4uu536p08AQLkljhbJdod1FbRcG7MlBwAjyOMuPS-NBUAIuXy&_nc_ohc=RQOVGhTR8cgQ7kNvwHr5mbr&_nc_gid=UDgKStx2qhnj8gX3rctqOw&edm=AA0rjkIBAAAA&ccb=7-5&oh=00_AfjNFB906IDs7IaEa6QvZTWRqd8gQUfrsqV-Efn02IE28Q&oe=6933CD2C&_nc_sid=49ed71
50,#blackautisticlivesmatter #blackautisticpride #autismacceptance #autisticwomen #autisticprideday #blackautisticwoman #blacklivesmatter,2021-06-21 18:47:22,48507540069,autistic_collective,https://scontent-iad3-1.cdninstagram.com/v/t51.2885-15/530840941_624665810372890_4850031711384600982_n.jpg?stp=dst-jpg_e15_tt6&_nc_ht=scontent-iad3-1.cdninstagram.com&_nc_cat=110&_nc_oc=Q6cZ2QEpU-2utKCc2mRQJ7c4015LGAB0UjBQLhjUfw-4uu536p08AQLkljhbJdod1FbRcG7MlBwAjyOMuPS-NBUAIuXy&_nc_ohc=Etyu48EELtsQ7kNvwGorpqX&_nc_gid=UDgKStx2qhnj8gX3rctqOw&edm=AA0rjkIBAAAA&ccb=7-5&oh=00_Afg2HpsA7ykTzFSE6gnD-ml0NBpFdWkZEijSfrvJvc-DbA&oe=6933AB8E&_nc_sid=49ed71
51,#blackautisticlivesmatter #blackautisticpride #autismacceptance #autisticwomen #autisticprideday #blackautisticwoman,2021-06-21 18:37:57,48507540069,autistic_collective,https://scontent-iad3-1.cdninstagram.com/v/t51.29350-15/204975757_442858267122430_6631522671558420479_n.jpg?stp=dst-jpg_e35_tt6&_nc_ht=scontent-iad3-1.cdninstagram.com&_nc_cat=110&_nc_oc=Q6cZ2QEpU-2utKCc2mRQJ7c4015LGAB0UjBQLhjUfw-4uu536p08AQLkljhbJdod1FbRcG7MlBwAjyOMuPS-NBUAIuXy&_nc_ohc=fJU9DDQiptEQ7kNvwHr78QB&_nc_gid=UDgKStx2qhnj8gX3rctqOw&edm=AA0rjkIBAAAA&ccb=7-5&oh=00_Afgjz098VyFcK75NYLH6vbcPpxwbOuxmdyTrtKjXfTOBRA&oe=6933CB0D&_nc_sid=49ed71
52,"""Society doesn't see autistic child, they see Black child...and sometimes they don't even see ""child"" when they look at my children."" - Tiffany Hammond ... This statement above all others in my interview with Black autistic blogger and mom, Tiffany Hammond of @fidgets.and.fries, got to me more than anything else. ... If you want a glimpse into the life of a parent raising Black autistic boys, read this interview (link in bio), and then share it with your friends. ... #autistic #autism #actuallyautistic #autisticadult #blackautistic #blackautisticchildren #blacklivesmatter #intersectionality #blackautisticlivesmatter #blackwoman #blackmothers #autisticwomen #blackautisticwoman #blackstories #spectrum #spectrumlife #lifeonthespectrum #neurodivergent #neurodiversity #fidgetsandfries",2020-06-23 22:05:27,2894793032,thearticulateautistic,https://scontent-iad3-2.cdninstagram.com/v/t51.2885-15/104458300_157714792611735_5237758410005433465_n.jpg?stp=dst-jpg_e35_tt6&efg=eyJ2ZW5jb2RlX3RhZyI6IkZFRUQuaW1hZ2VfdXJsZ2VuLjE0NDB4NzU0LnNkci5mMjg4NS5kZWZhdWx0X2ltYWdlLmMyIn0&_nc_ht=scontent-iad3-2.cdninstagram.com&_nc_cat=103&_nc_oc=Q6cZ2QEbVcaemYGLRbDAjeNWc-Bt0WON0ilQeUHsuUuUej-iSzmabguAcNNmn3QtHdJsvmLDeuacZBff4ek4Weekzkzq&_nc_ohc=KLkwxArmywoQ7kNvwHILrDr&_nc_gid=ST6igkHNQdCjz5URKlNDhA&edm=ALQROFkBAAAA&ccb=7-5&ig_cache_key=MjMzODE1NTkxNjgyODYxMDI5OQ%3D%3D.3-ccb7-5&oh=00_Afjub5BbvgPaBDrjpSdyR7r1eiVYfAIh5RZVdbfuuH5E4w&oe=6933E05A&_nc_sid=fc8dfb
53,"The Anxiety Around Raising Black Autistic Sons

In this eye-opening interview with Tiffany Hammond of @fidgets.and.fries, readers get an intimate look into the fears, hopes, and dreams of a mom raising two Black autistic sons in America. (Link in bio.) ... #autistic #autism #actuallyautistic #autisticadult #blackautistic #blackautisticchildren #blacklivesmatter #intersectionality #blackautisticlivesmatter #blackwoman #blackmothers #autisticwomen #blackautisticwoman #blackstories #spectrum #spectrumlife #lifeonthespectrum #neurodivergent #neurodiversity #fidgetsandfries",2020-06-23 16:35:55,2894793032,thearticulateautistic,https://scontent-iad3-1.cdninstagram.com/v/t51.2885-15/105506373_106992727655044_1943256955616020132_n.jpg?stp=dst-jpg_e35_tt6&efg=eyJ2ZW5jb2RlX3RhZyI6IkZFRUQuaW1hZ2VfdXJsZ2VuLjE0NDB4MTUyOS5zZHIuZjI4ODUuZGVmYXVsdF9pbWFnZS5jMiJ9&_nc_ht=scontent-iad3-1.cdninstagram.com&_nc_cat=104&_nc_oc=Q6cZ2QGGEMRwPrWp7vURFmthOlIz0Mk3xibW2L-1Ci9Q7LALH8NezalltSrJdX604VUX4mppP3L2aIMRY7d7BvcuIRQ1&_nc_ohc=9SWYQ_elVR8Q7kNvwE4cChn&_nc_gid=AJM0El_2EtPVQ1NPqEyB5w&edm=ALQROFkBAAAA&ccb=7-5&ig_cache_key=MjMzNzk5MDA1ODg2NTI0NTM1OA%3D%3D.3-ccb7-5&oh=00_AfhC4TeBi3H9xOmuLvAgexcIq2vRCxI3_whNPk0scD6XSA&oe=6933C1D2&_nc_sid=fc8dfb
54,"I spent New Year‚Äôs Day sitting quietly, humbled by the magnitude of this space. I thought of the time I‚Äôve spent translating my mind and heart. Tryna transcribe me authentically in a ‚Äúlanguage‚Äù I often don‚Äôt get.....for people who gonna think what they want anyway.  Then I thgt of all the people God brings into my life that accept me as I am, make me feel like my crazy ideas are possible, and sometimes, even help them come to fruition. Do me a solid? Don‚Äôt waste another sec on a person/situation that makes u feel like u are flawed. Refocus that time into people/situations that pour into u, like u pour into them/it. Sometimes that means pouring into urself. Unlike $, time gives no refunds. Spend it wisely. #FindUrTribe #Also #ImALoneWolf  #ThrottleTheSocialEncounters #UVSpectrum #UltravioletSpectrum #BlackAutisticWoman #NVLD #AdultADHD #DyscalculiaLife #Neurodiversity #DontWasteTime #NoRefunds",2020-03-10 15:24:20,31362811982,ultraviolet_spectrum,https://scontent-iad3-1.cdninstagram.com/v/t51.2885-15/87800196_811870579223654_3811891380036526527_n.jpg?stp=dst-jpg_e35_s1080x1080_tt6&_nc_ht=scontent-iad3-1.cdninstagram.com&_nc_cat=102&_nc_oc=Q6cZ2QEpU-2utKCc2mRQJ7c4015LGAB0UjBQLhjUfw-4uu536p08AQLkljhbJdod1FbRcG7MlBwAjyOMuPS-NBUAIuXy&_nc_ohc=0uhQinCYPUIQ7kNvwE_p9wn&_nc_gid=UDgKStx2qhnj8gX3rctqOw&edm=AA0rjkIBAAAA&ccb=7-5&oh=00_AfgB_3OBig2NT4gC4GmbS7b36GObxZEkoNrSRiEwyapjfw&oe=6933C054&_nc_sid=49ed71
